Word,Count
data,482
the,470
and,336
governance,306
with,201
this,134
are,118
that,108
started,105
can,105
getting,104
but,103
not,101
for,100
information,96
more,91
quality,86
will,82
anthony,79
june,78
conference,78
diego,77
san,77
governancedata,77
have,75
people,63
they,62
business,57
from,48
need,47
may,47
how,45
our,45
when,45
you,43
organization,41
often,41
help,36
them,36
what,35
change,34
should,33
all,32
get,32
about,31
some,31
value,30
also,30
these,30
activities,29
their,29
than,29
important,28
many,27
most,27
like,26
folks,26
work,26
much,25
efforts,25
better,25
especially,25
there,24
other,24
make,24
its,24
even,23
organizations,22
into,22
being,22
time,22
who,21
things,21
way,21
out,21
has,20
your,20
management,19
frameworks,19
because,19
why,19
find,19
best,19
use,18
good,18
must,18
needs,17
only,17
through,17
start,17
leadership,17
authority,17
where,16
results,16
doing,16
part,16
just,16
too,16
dont,16
approach,16
going,15
possible,15
project,15
decisions,14
others,14
know,14
artifacts,14
then,14
impact,14
prioritization,14
roles,14
making,14
successful,13
easier,13
early,13
resources,13
over,13
which,13
understanding,13
provide,13
structure,13
difficult,13
those,12
success,12
charter,12
used,12
any,12
one,12
something,12
awareness,12
training,12
focus,12
opportunities,11
first,11
lot,11
process,11
necessary,11
before,11
anything,11
easy,11
thing,11
interest,11
skills,11
done,11
effective,11
organizational,11
without,11
executive,11
support,11
always,11
likely,10
helps,10
creating,10
actually,10
does,10
same,10
take,10
term,10
existing,10
enough,10
keep,10
right,10
direct,10
tend,10
cdo,10
measures,10
build,10
benefits,10
analysis,10
marketing,10
ability,10
transparency,10
clear,10
little,10
ways,10
functions,10
titles,10
effort,10
useful,10
well,10
specific,9
impacts,9
set,9
simple,9
less,9
establishing,9
planning,9
become,9
long,9
drive,9
fit,9
key,9
risk,9
while,9
directly,9
involved,9
been,9
projects,9
compliance,9
already,9
role,9
learn,9
objectives,9
initiatives,9
techniques,9
policies,9
coordination,9
complex,9
participants,9
influence,8
instead,8
team,8
create,8
would,8
owners,8
different,8
down,8
potential,8
costs,8
area,8
happen,8
everybody,8
lead,8
identifying,8
strategic,8
actual,8
scale,8
option,8
new,8
see,8
literacy,8
technology,8
matter,8
want,8
strategy,8
stakeholders,8
capabilities,8
teams,7
understand,7
try,7
initial,7
priorities,7
meeting,7
starting,7
great,7
steering,7
technical,7
situations,7
individual,7
cannot,7
resource,7
debt,7
areas,7
granularity,7
incentives,7
place,7
everything,7
becomes,7
really,7
building,7
issues,7
principles,7
challenges,7
decisionmaking,7
both,7
towards,7
think,7
multiple,7
improvements,7
made,7
processes,7
person,7
agile,7
responsibilities,7
tradeoffs,7
means,7
benefit,7
becoming,7
big,7
form,7
problems,7
challenge,6
chief,6
identify,6
datadriven,6
level,6
works,6
provides,6
actions,6
requires,6
come,6
ourselves,6
systems,6
once,6
simply,6
were,6
between,6
point,6
real,6
strong,6
consultant,6
participation,6
council,6
exists,6
political,6
longterm,6
weve,6
function,6
off,6
own,6
terms,6
education,6
common,6
short,6
themselves,6
investment,6
plans,6
tools,6
details,6
owner,6
visualizations,6
away,6
using,6
nothing,6
circumstances,6
measurements,6
far,6
lack,6
helpful,6
gets,6
small,6
naturally,6
usually,6
never,6
else,5
resolve,5
path,5
still,5
stewardship,5
etc,5
commonly,5
gain,5
internal,5
bit,5
larger,5
commitments,5
serve,5
operational,5
encourage,5
knowledge,5
accountability,5
driving,5
ideal,5
connect,5
charters,5
quantify,5
programs,5
metrics,5
subject,5
guide,5
trying,5
coordinator,5
reporting,5
days,5
investments,5
regulatory,5
similar,5
now,5
slide,5
every,5
busy,5
put,5
under,5
might,5
valuable,5
metadata,5
alignment,5
feel,5
standards,5
limited,5
definitions,5
stewards,5
defined,5
coordinate,5
overall,5
across,5
coordinating,5
quantitative,5
culture,5
look,5
communications,5
itself,5
collection,5
attention,5
developing,5
goal,5
communicating,5
another,5
effectively,5
momentum,5
outcomes,5
three,5
hierarchy,5
outputs,5
meetings,5
additional,5
care,5
apply,5
align,5
today,5
several,5
alongside,5
generate,5
comprehensive,5
establish,5
measuring,5
known,4
scoping,4
starts,4
stuff,4
problem,4
asked,4
present,4
available,4
designed,4
escalation,4
isnt,4
each,4
push,4
estimates,4
norms,4
taking,4
plan,4
file,4
learning,4
framework,4
deep,4
amount,4
asking,4
questions,4
successfully,4
operations,4
applicable,4
having,4
leverage,4
thinking,4
end,4
applied,4
whatever,4
previous,4
two,4
idea,4
reference,4
experts,4
clarity,4
particularly,4
avoid,4
group,4
number,4
activity,4
domain,4
concept,4
performance,4
external,4
quantification,4
give,4
adjust,4
typically,4
experience,4
fail,4
develop,4
wont,4
recognize,4
complete,4
perception,4
executives,4
explain,4
almost,4
outside,4
certainly,4
however,4
reality,4
manager,4
return,4
pmo,4
mission,4
goals,4
accomplish,4
responsibility,4
generating,4
either,4
inevitably,4
options,4
leads,4
perspective,4
able,4
resolving,4
require,4
impossible,4
active,4
willing,4
insights,4
power,4
moving,4
advanced,4
very,4
needed,4
internally,4
highly,4
exist,4
move,4
purpose,4
yet,4
quickly,4
units,4
gaps,4
officer,4
opportunity,4
progress,4
relatively,4
sharing,4
findings,4
mean,4
expectations,4
assets,4
formal,4
sponsor,4
regular,4
conclusions,3
events,3
gives,3
question,3
harder,3
sometimes,3
reach,3
beneficial,3
track,3
departments,3
example,3
knowing,3
material,3
foundation,3
tool,3
analytics,3
types,3
easily,3
generic,3
custodian,3
title,3
charge,3
meaning,3
senior,3
importance,3
items,3
dependencies,3
relationship,3
depend,3
structures,3
rarely,3
managing,3
managers,3
case,3
careers,3
hybrid,3
steward,3
capital,3
whats,3
interesting,3
until,3
helping,3
fails,3
found,3
though,3
could,3
inputs,3
determining,3
target,3
decision,3
targets,3
solutions,3
mental,3
creators,3
energy,3
general,3
allow,3
underlying,3
widely,3
worth,3
cant,3
rather,3
roadmap,3
components,3
personal,3
perhaps,3
justify,3
stand,3
remember,3
needing,3
forms,3
debate,3
fine,3
objective,3
familiar,3
benchmarks,3
fortunately,3
whole,3
higher,3
achieve,3
looking,3
longer,3
difference,3
failure,3
buy,3
pay,3
share,3
improve,3
minutes,3
consider,3
least,3
review,3
wants,3
ready,3
action,3
initiative,3
given,3
issue,3
scaling,3
research,3
include,3
functional,3
overcoming,3
peoples,3
friction,3
working,3
job,3
customers,3
meaningful,3
roll,3
somebody,3
measure,3
enforce,3
manage,3
direction,3
large,3
ownership,3
demonstrate,3
persuasive,3
expanding,3
talked,3
adding,3
sources,3
operate,3
benchmarking,3
reviews,3
later,3
intangible,3
motivating,3
required,3
consultants,3
save,3
considered,3
resistance,3
audiences,3
higherlevel,3
evaluate,3
bunch,3
last,3
lenses,3
fill,3
topdown,3
completely,3
contexts,3
depth,3
risks,3
nimble,3
appropriate,3
enforcement,3
policy,3
accountable,3
detailed,3
highlevel,3
was,3
driven,3
communicate,3
vary,3
deficiencies,3
terminology,3
leading,3
fulltime,3
among,3
balance,3
turn,3
variety,3
address,3
deliberate,3
answers,3
influencing,3
comes,3
guidance,3
quantified,3
cases,3
within,3
blinders,3
ultimately,3
levels,3
view,3
after,3
talk,3
constraints,3
developed,3
meet,3
response,3
personnel,3
unique,3
beyond,3
checking,3
scenarios,3
providing,3
vision,3
system,3
defining,3
reasonable,3
forward,3
promoting,3
access,3
factors,3
powerful,3
communication,3
traditional,3
kpis,3
consistent,3
back,3
magic,3
modeling,3
participate,3
core,3
documentation,3
development,3
master,3
program,3
longerterm,2
position,2
substantial,2
note,2
language,2
easiest,2
hierarchies,2
capturing,2
somewhat,2
crossfunctional,2
continue,2
categorization,2
fits,2
choice,2
complexity,2
wait,2
completed,2
tactical,2
upon,2
cost,2
sustainable,2
prioritizing,2
anywhere,2
delegate,2
todays,2
immediately,2
resulting,2
related,2
context,2
anthonyalgmincom,2
allows,2
alone,2
determined,2
close,2
money,2
email,2
operationalize,2
situation,2
emails,2
ultimate,2
created,2
ever,2
current,2
businesses,2
scoring,2
methodology,2
ongoing,2
recommendations,2
struggling,2
solve,2
allies,2
positions,2
isolated,2
impacting,2
essential,2
measured,2
service,2
failing,2
tendency,2
unreasonable,2
patterns,2
cycle,2
overwhelmed,2
outward,2
relevancy,2
feels,2
lower,2
negative,2
dgs,2
calling,2
energies,2
groups,2
viewed,2
advisory,2
collective,2
inside,2
wiifm,2
commitment,2
avoiding,2
recognition,2
giving,2
week,2
during,2
aligned,2
table,2
implement,2
combination,2
lets,2
words,2
grain,2
update,2
tends,2
identified,2
careful,2
coordinators,2
did,2
linkedin,2
gathering,2
prove,2
appendix,2
removed,2
forceranking,2
list,2
tutorial,2
difficulties,2
content,2
cause,2
logical,2
journey,2
order,2
read,2
fear,2
overwhelming,2
contribution,2
sizes,2
combined,2
held,2
picture,2
bullseye,2
embrace,2
procedures,2
availability,2
unpredictable,2
conflicts,2
delegating,2
reasons,2
drives,2
appreciating,2
productive,2
someone,2
office,2
despite,2
unnecessary,2
layers,2
detail,2
knowledgeable,2
expert,2
evolved,2
state,2
revenue,2
runs,2
net,2
catalog,2
approved,2
achieved,2
exert,2
earlier,2
ideally,2
ones,2
centralized,2
addressed,2
run,2
middle,2
finding,2
mechanisms,2
happens,2
rely,2
center,2
practice,2
above,2
throughout,2
unlikely,2
workflows,2
proactive,2
stories,2
execute,2
partnership,2
poor,2
rest,2
unintentionally,2
happening,2
consequences,2
everyone,2
basic,2
worthwhile,2
appropriately,2
play,2
spreadsheets,2
aligning,2
emphasis,2
networking,2
unknown,2
producing,2
scenario,2
danger,2
draw,2
relying,2
changes,2
result,2
glossaries,2
overdo,2
laborious,2
uncomfortable,2
earn,2
bigger,2
miss,2
competency,2
unsustainable,2
breadth,2
happy,2
clearly,2
pretty,2
ambitious,2
independent,2
menu,2
successes,2
ordering,2
few,2
creates,2
status,2
broader,2
confrontational,2
committee,2
front,2
growing,2
discussing,2
define,2
judged,2
foundational,2
regularly,2
won,2
sme,2
practices,2
ensure,2
satisfy,2
tangible,2
determine,2
boxes,2
precision,2
setting,2
actionable,2
story,2
unless,2
evolve,2
reliable,2
hearts,2
treat,2
authoritative,2
due,2
quantity,2
bottomup,2
organized,2
enterprise,2
capability,2
intuitive,2
consistency,2
losing,2
funding,2
lines,2
greater,2
scales,2
responsive,2
spending,2
indirect,2
expect,2
chaos,2
lifecycle,2
limits,2
viability,2
partner,2
thoughtful,2
control,2
technologies,2
popular,2
bad,2
generally,2
further,2
articulate,2
collaborate,2
conflict,2
places,2
matters,2
five,2
sounds,2
delegated,2
incredibly,2
baseline,2
depends,2
assign,2
product,2
agree,2
day,2
serves,2
purposes,2
navigating,2
dollars,2
algmin,2
leaders,2
behavior,2
ending,2
workshops,2
clevel,2
conducting,2
component,2
individuals,2
makes,2
tangential,2
sense,2
pain,2
effectiveness,2
broadly,2
advocate,2
excellent,2
attempts,2
expected,2
possibly,2
proposition,2
refinement,2
intranet,2
transparent,2
writing,2
dmbok,2
efficiency,2
adoption,2
custodians,2
introduction,2
universally,2
confusing,2
tasked,2
had,2
servant,2
produces,2
together,2
lowerlevel,2
ask,2
dama,2
implementation,2
disaster,2
recipe,2
lasting,2
assignment,2
interested,2
mess,2
parties,2
tell,2
evaluation,2
execution,2
resolution,2
yourself,2
charged,2
excitement,2
document,2
reason,2
motion,2
comfortable,2
quantifying,2
relationships,2
wheel,2
security,2
ensuring,2
correctly,2
effect,2
attendees,2
range,2
session,2
surprisingly,2
relevant,2
dashboards,2
conduct,2
expand,2
promises,2
credibility,2
positive,2
watch,2
suitable,2
model,2
distribute,2
inform,2
intelligence,2
guardrails,2
opposite,2
shortterm,2
flexible,2
automation,2
launch,2
hardest,2
savvy,2
wide,2
secretary,2
online,2
deeply,2
structuring,2
fact,2
recording,2
notes,2
ideas,2
comparison,2
consideration,2
request,2
rules,2
daily,1
beauty,1
select,1
built,1
everbigger,1
conserve,1
implies,1
link,1
magnitude,1
line,1
preconceived,1
occupy,1
cautious,1
slant,1
theoretical,1
bankruptcy,1
massage,1
competitive,1
consume,1
equation,1
stay,1
restaurant,1
lane,1
enormous,1
transparently,1
valid,1
imaginable,1
proper,1
increasingly,1
watched,1
aggregate,1
bio,1
reviewed,1
lives,1
ignored,1
swap,1
supporting,1
upstream,1
visualization,1
mind,1
differentiator,1
wired,1
actors,1
biologically,1
left,1
approve,1
synonym,1
realize,1
buried,1
teaches,1
perfect,1
addressing,1
remove,1
elevating,1
contemplative,1
extend,1
unfortunately,1
forge,1
moves,1
truth,1
reflect,1
progression,1
natural,1
moment,1
specifics,1
accuracy,1
objectivity,1
handy,1
solution,1
included,1
balanced,1
shows,1
executivelevel,1
touch,1
hide,1
datacentric,1
incomplete,1
major,1
shadows,1
apart,1
proactively,1
correlates,1
native,1
contributor,1
coming,1
whereas,1
proposed,1
valued,1
disarm,1
facets,1
tired,1
presented,1
actionoriented,1
reached,1
accumulate,1
strengthens,1
thoughtware,1
attempt,1
businessfocused,1
didnt,1
connectedness,1
decided,1
basically,1
unwinnable,1
deeper,1
governances,1
connecting,1
again,1
policiesstandards,1
cdos,1
implemented,1
wasted,1
ingrained,1
hence,1
cio,1
produce,1
documents,1
decks,1
store,1
side,1
elevate,1
storing,1
minimum,1
locations,1
digital,1
companion,1
discovered,1
meant,1
conversations,1
urgent,1
nuanced,1
warehouses,1
sticks,1
carry,1
legal,1
connection,1
onesizefitsall,1
retention,1
assuredly,1
questionably,1
repeated,1
answer,1
taken,1
guides,1
aggressive,1
plus,1
sophisticated,1
proficiency,1
approvals,1
excuse,1
lean,1
optional,1
considerations,1
perspectives,1
alternative,1
including,1
grasp,1
excellence,1
toothless,1
advocacy,1
hard,1
getstuffdonewithdata,1
decade,1
linguistics,1
dgiq,1
stakes,1
promoter,1
took,1
behaviors,1
usage,1
passed,1
react,1
trained,1
etl,1
upcoming,1
kind,1
years,1
exposed,1
benchmark,1
indicator,1
scores,1
sales,1
paid,1
certifications,1
monitoring,1
competitors,1
legacy,1
capture,1
drawn,1
revise,1
crush,1
automated,1
wherever,1
theyd,1
sibling,1
represents,1
skipped,1
green,1
redyellow,1
uses,1
codifying,1
looks,1
interpret,1
top,1
recipient,1
demand,1
deliver,1
wouldnt,1
assigning,1
dial,1
paradoxical,1
seemingly,1
continuum,1
simplicity,1
tomorrow,1
demands,1
governs,1
extremely,1
accommodate,1
nor,1
proxy,1
measurement,1
metric,1
calculation,1
comparative,1
kpi,1
special,1
sufficient,1
relative,1
ago,1
established,1
numbers,1
alliances,1
trends,1
respecting,1
unfamiliar,1
accomplishment,1
period,1
cycles,1
partially,1
shifting,1
basing,1
incorporate,1
embedded,1
flexibility,1
betting,1
mechanics,1
vague,1
aspect,1
advice,1
definitely,1
optimal,1
manifest,1
forget,1
shared,1
ofexcellence,1
models,1
handful,1
entrepreneur,1
humans,1
interweave,1
dozen,1
controls,1
sports,1
brunt,1
human,1
projectbased,1
prescriptive,1
let,1
growth,1
suggest,1
memory,1
trust,1
particular,1
topics,1
summon,1
software,1
afraid,1
deal,1
decide,1
courage,1
overstate,1
next,1
oneon,1
call,1
crucial,1
numberbased,1
ranking,1
prioritized,1
date,1
mechanism,1
forceranked,1
realistic,1
preferences,1
gut,1
classification,1
stick,1
lowmediumhigh,1
feelings,1
drop,1
ball,1
outlined,1
theyve,1
board,1
sits,1
interact,1
earning,1
suggested,1
thick,1
turf,1
plug,1
says,1
protective,1
bottleneck,1
evil,1
decentralizing,1
efficiently,1
enforced,1
warm,1
platform,1
caused,1
skin,1
influential,1
projectbyproject,1
wellorganized,1
sentiment,1
facilitate,1
fewer,1
personally,1
responsible,1
overengineer,1
ticketing,1
circumstance,1
dgpmo,1
invited,1
dropeverythingfortodaysemergency,1
doubt,1
here,1
complaints,1
basis,1
heroics,1
architect,1
secondcitizen,1
builder,1
informed,1
typical,1
normally,1
unexpected,1
contingencies,1
confidence,1
edges,1
documented,1
factor,1
allocation,1
conflicting,1
dedicated,1
cross,1
connected,1
rocking,1
uncoordinated,1
reinvent,1
series,1
battles,1
fighting,1
coordinated,1
exception,1
audits,1
absolutely,1
boat,1
town,1
agent,1
boards,1
delegation,1
programproject,1
dgrelated,1
obligations,1
reminders,1
visibility,1
presentations,1
blows,1
overlap,1
crafting,1
administrator,1
member,1
extensive,1
hit,1
operationalized,1
points,1
recall,1
adapted,1
gauge,1
familiarity,1
quantifiable,1
somebodys,1
workings,1
qualitative,1
nature,1
npv,1
sovereign,1
fiefdom,1
nebulous,1
intermediary,1
country,1
escalations,1
topic,1
concise,1
audience,1
skeptical,1
conversation,1
join,1
reflected,1
assertions,1
brushing,1
greatly,1
questionable,1
inherently,1
unavailable,1
multiplied,1
obfuscate,1
downplay,1
designs,1
consumers,1
visually,1
mislead,1
intentionally,1
oversimplify,1
prone,1
centerofexcellence,1
drill,1
worthless,1
formalizing,1
kinds,1
fast,1
wary,1
sign,1
career,1
prototype,1
exciting,1
relevance,1
assistance,1
delivering,1
verify,1
proof,1
addition,1
backing,1
spearheading,1
politics,1
literal,1
irr,1
nobody,1
managementpmo,1
anytime,1
independently,1
managed,1
prioritize,1
missed,1
separate,1
legitimately,1
remind,1
testifying,1
congress,1
havent,1
wwwlinkedincominanthonyjalgmin,1
payroll,1
championing,1
treated,1
island,1
called,1
favoring,1
skip,1
publicly,1
sides,1
texts,1
messages,1
instant,1
trend,1
goodwill,1
honor,1
badge,1
busyness,1
wear,1
love,1
timemanagement,1
touched,1
sets,1
parameters,1
calculations,1
entirely,1
coalesce,1
lend,1
soliciting,1
underneath,1
endorse,1
roi,1
appropriateuse,1
rate,1
presence,1
connotes,1
pushing,1
downplays,1
janitor,1
precise,1
sample,1
descriptions,1
hurt,1
recruitment,1
sadly,1
understood,1
sourcing,1
candidates,1
conclusive,1
intermediate,1
thoroughly,1
overlooked,1
interpreted,1
merits,1
description,1
realworld,1
deciding,1
heavy,1
carrot,1
multipart,1
cadence,1
tougher,1
arrives,1
dreams,1
storytelling,1
exercise,1
threads,1
ahead,1
bothered,1
collaboration,1
frames,1
reports,1
lineage,1
art,1
compiling,1
suitabilityforuse,1
betray,1
forced,1
poorly,1
detractors,1
happiness,1
cookies,1
cafeteria,1
encouragement,1
costeffective,1
encouragements,1
tough,1
orient,1
plenty,1
niceto,1
waver,1
win,1
discussed,1
defense,1
shut,1
intimidated,1
positioning,1
evaluating,1
privacy,1
send,1
repair,1
anyone,1
past,1
beginning,1
hold,1
faces,1
engage,1
attend,1
articulating,1
composed,1
compiledistribute,1
agenda,1
integrated,1
jobs,1
sole,1
economics,1
stated,1
trap,1
fall,1
respond,1
acronyms,1
game,1
satisfying,1
fruit,1
lowhanging,1
months,1
break,1
tone,1
aggregation,1
secondary,1
primary,1
split,1
gettingreadytostart,1
step,1
disagree,1
public,1
nominal,1
members,1
explore,1
abstractions,1
situational,1
arise,1
slides,1
following,1
pitfalls,1
tips,1
fundamental,1
chances,1
valuecreating,1
highlights,1
teach,1
absolve,1
breaks,1
immeasurable,1
appear,1
exercises,1
stakeholder,1
award,1
simplification,1
applying,1
aiming,1
jumps,1
dense,1
overdocument,1
spreadsheet,1
deduplication,1
acted,1
collect,1
collected,1
distilling,1
thirdparty,1
industry,1
surveys,1
interviews,1
revenues,1
mistakes,1
interestingly,1
lessons,1
tactic,1
perpetual,1
inward,1
paths,1
motivates,1
wellintended,1
flawed,1
certain,1
stronger,1
unveiled,1
outliers,1
reasoning,1
publishing,1
trophy,1
party,1
pizza,1
hour,1
selfreinforcing,1
grow,1
covered,1
sparks,1
embraces,1
builds,1
road,1
maximize,1
exceedingly,1
represent,1
confuse,1
struggle,1
abstract,1
httpswwwlinkedincominanthonyjalgmin,1
steps,1
please,1
thank,1
fire,1
fuel,1
world,1
roots,1
escalates,1
seem,1
seems,1
distinguishing,1
kept,1
source,1
manual,1
disconnected,1
otherwise,1
dots,1
international,1
fulfill,1
participant,1
nondg,1
resonates,1
message,1
complexities,1
translating,1
body,1
changing,1
tunnel,1
shortage,1
bus,1
future,1
awful,1
proxies,1
selecting,1
overtaxed,1
add,1
supreme,1
examples,1
domainspecificity,1
universal,1
regulated,1
domains,1
specificity,1
quick,1
worse,1
smoothly,1
running,1
solving,1
classic,1
predictive,1
capable,1
wrangling,1
interactive,1
machine,1
welldeveloped,1
artificial,1
enrichment,1
unwieldy,1
integration,1
devops,1
curation,1
choose,1
emerging,1
monetization,1
approaches,1
regression,1
consistently,1
architecture,1
warehousing,1
outsized,1
emphasizes,1
categories,1
gauges,1
category,1
contains,1
disciplines,1
levers,1
creation,1
buyin,1
weakest,1
closest,1
compared,1
closely,1
feeds,1
thrown,1
ironically,1
comms,1
hope,1
datagovernancy,1
say,1
pick,1
thought,1
spots,1
financial,1
fulcrum,1
manifests,1
anybody,1
realism,1
logic,1
backwards,1
main,1
wane,1
strategiclongterm,1
outcome,1
sentence,1
reasonably,1
widening,1
page,1
products,1
cheesy,1
around,1
posters,1
groupings,1
catalogs,1
links,1
home,1
frontline,1
validation,1
lock,1
frightening,1
organize,1
feedback,1
solicit,1
thoughts,1
tasklevel,1
agreement,1
unplanned,1
experiences,1
field,1
wed,1
precedence,1
paper,1
sheet,1
blank,1
adapt,1
critiquing,1
emergencies,1
figure,1
letting,1
customize,1
rule,1
limitations,1
overreliance,1
intended,1
obvious,1
navigate,1
predata,1
stuck,1
agreed,1
distill,1
criteria,1
probably,1
clean,1
turning,1
asks,1
requests,1
directives,1
cover,1
exactly,1
estimating,1
intake,1
govern,1
methods,1
analyzing,1
impractical,1
downstream,1
launching,1
scope,1
coattails,1
riding,1
transformation,1
onto,1
latching,1
fizzle,1
wellexecuted,1
approachable,1
equally,1
welldesigned,1
frame,1
patience,1
desired,1
views,1
clearer,1
functionality,1
uninvolved,1
subgroups,1
crossreference,1
spot,1
structured,1
skilled,1
involving,1
strengths,1
survey,1
along,1
disposal,1
unaware,1
scarce,1
largerscale,1
transition,1
underway,1
added,1
arent,1
puzzled,1
enhancement,1
supports,1
specifications,1
decentralized,1
unit,1
generates,1
corner,1
radiating,1
adaptability,1
coverage,1
largely,1
leadbyexample,1
rigorous,1
chance,1
learnings,1
fallout,1
attach,1
via,1
adapting,1
single,1
covering,1
shallow,1
engages,1
targeted,1
purview,1
environments,1
intends,1
highprofile,1
preparation,1
methodical,1
bang,1
cats,1
herding,1
inconsistencies,1
looked,1
feature,1
largescale,1
bodies,1
minds,1
finance,1
complement,1
tasks,1
course,1
thread,1
customization,1
waste,1
drivers,1
scientists,1
subset,1
statistical,1
everywhere,1
marketer,1
mandatory,1
preferable,1
optin,1
improvement,1
takes,1
measurable,1
performing,1
accepted,1
impressions,1
overcome,1
kindness,1
transgression,1
problematic,1
flag,1
keeps,1
noncompliant,1
lazy,1
shouldnt,1
adhere,1
sites,1
wellmeaning,1
tenet,1
enforcing,1
improved,1
beats,1
announcements,1
guarantee,1
default,1
perform,1
alreadydataliterate,1
suspicious,1
abstracted,1
demonstrating,1
improving,1
abundant,1
varying,1
leave,1
whose,1
bring,1
piece,1
train,1
hiring,1
tradeoff,1
facsimiles,1
true,1
specialized,1
cheaper,1
sausage,1
appreciate,1
taste,1
market,1
aware,1
concepts,1
conferences,1
collaborative,1
tutorials,1
handson,1
participativeapplied,1
materials,1
selfservice,1
atyourownpace,1
offering,1
sophistication,1
comfort,1
mundane,1
scary,1
diving,1
consensus,1
somewhere,1
irrelevant,1
per,1
motivations,1
recommended,1
static,1
goes,1
netpositive,1
whom,1
practical,1
pivot,1
aspirational,1
section,1
light,1
beacon,1
articulates,1
statement,1
selling,1
accurately,1
drain,1
seize,1
constraint,1
resist,1
necessity,1
neutralize,1
objections,1
original,1
visible,1
existence,1
faster,1
putting,1
apparent,1
integrate,1
lose,1
updated,1
lost,1
shelfware,1
endless,1
credible,1
perceived,1
ironic,1
tagging,1
stage,1
sound,1
separates,1
debated,1
variables,1
truths,1
impactful,1
andor,1
encounter,1
overkill,1
taxonomical,1
categorize,1
reconciling,1
difficulty,1
introduce,1
viewpoints,1
begin,1
objectively,1
governancedriven,1
cut,1
times,1
seen,1
datarelated,1
analyze,1
macro,1
micro,1
validating,1
motivate,1
presenting,1
outcomeonly,1
temptation,1
account,1
justifying,1
arrive,1
thorough,1
seeing,1
threat,1
counter,1
implied,1
command,1
chain,1
countless,1
wrong,1
sure,1
normal,1
bottlenecking,1
irony,1
sleeves,1
repeat,1
virtuous,1
card,1
wolfwild,1
lone,1
limit,1
nucleus,1
thats,1
biggest,1
word,1
tricky,1
overly,1
hypothesis,1
creations,1
similarly,1
prototypes,1
rational,1
entertainment,1
charity,1
briefly,1
grab,1
inclined,1
convince,1
plays,1
transforming,1
ignore,1
enlist,1
room,1
quo,1
downside,1
monetary,1
inspire,1
stipulation,1
unfairness,1
pattern,1
full,1
receive,1
hand,1
breathing,1
heading,1
inertia,1
lessen,1
act,1
headaches,1
longstanding,1
frustrated,1
inherent,1
improves,1
rewarded,1
cheap,1
iterations,1
mandates,1
unsustainability,1
likelihood,1
amplifies,1
bootstrapping,1
budget,1
rewards,1
teambased,1
evaluations,1
audit,1
employee,1
tying,1
compliancerelated,1
reward,1
reveal,1
